,antecedents,consequents,antecedent support,consequent support,support,confidence,lift,leverage,conviction
0,frozenset({'canada_total_cases'}),frozenset({'total_cases'}),0.4,0.6,0.37777777777777777,0.9444444444444444,1.5740740740740742,0.13777777777777778,7.1999999999999975
1,frozenset({'canada_total_tests'}),frozenset({'canada_total_cases'}),0.35555555555555557,0.4,0.35555555555555557,1.0,2.5,0.21333333333333335,inf
2,frozenset({'canada_total_cases'}),frozenset({'canada_total_tests'}),0.4,0.35555555555555557,0.35555555555555557,0.8888888888888888,2.4999999999999996,0.21333333333333335,5.799999999999997
3,frozenset({'canada_total_cases'}),frozenset({'total_tests'}),0.4,0.5555555555555556,0.37777777777777777,0.9444444444444444,1.7,0.15555555555555553,7.9999999999999964
4,frozenset({'total_tests'}),frozenset({'total_cases'}),0.5555555555555556,0.6,0.5333333333333333,0.96,1.6,0.2,9.999999999999991
5,frozenset({'total_cases'}),frozenset({'total_tests'}),0.6,0.5555555555555556,0.5333333333333333,0.888888888888889,1.6,0.2,4.000000000000002
6,"frozenset({'total_tests', 'canada_total_cases'})",frozenset({'total_cases'}),0.37777777777777777,0.6,0.35555555555555557,0.9411764705882354,1.5686274509803924,0.12888888888888891,6.800000000000011
7,"frozenset({'canada_total_cases', 'total_cases'})",frozenset({'total_tests'}),0.37777777777777777,0.5555555555555556,0.35555555555555557,0.9411764705882354,1.6941176470588237,0.145679012345679,7.555555555555568
8,frozenset({'canada_total_cases'}),"frozenset({'total_tests', 'total_cases'})",0.4,0.5333333333333333,0.35555555555555557,0.8888888888888888,1.6666666666666665,0.14222222222222222,4.199999999999998
